slug,name,brand,category,subcategory,badges,short_description,description,features,specs,image_files
q-acoustics-3050,3050,Q Acoustics,Speakers,Floorstanding,,,,,,q-acoustics-3050.jpeg
q-acoustics-2050i,2050i,Q Acoustics,Speakers,Floorstanding,,,,,,q-acoustics-2050i.jpeg
q-acoustics-3050i,3050i,Q Acoustics,Speakers,Floorstanding,Featured,,,,,q-acoustics-3050i.jpg
mission-lx-4,LX-4,Mission,Speakers,Floorstanding,,,,,,mission-lx-4.jpeg
mission-lx-5,LX-5,Mission,Speakers,Floorstanding,,,,,,mission-lx-5.jpeg
mission-lx-3,LX-3,Mission,Speakers,Floorstanding,,,,,,mission-lx-3.jpeg
Taga-tav-606FV.3,TAV-606FV.3,TAGA-Harmony,Speakers,Floorstanding,,,,,,Taga-tav-606FV.3.jpeg
focal-aria-926,Aria 926,Focal,Speakers,Floorstanding,Hi-End,,,,,focal-aria-926.jpg
q-acoustics-2010i,2010i,Q Acoustics,Speakers,Bookshelf,,,,,,q-acoustics-2010i.jpeg
q-acoustics-2020i,2020i,Q Acoustics,Speakers,Bookshelf,,,,,,q-acoustics-2020i.jpeg
q-acoustics-3010,3010,Q Acoustics,Speakers,Bookshelf,,,,,,q-acoustics-3010.jpeg
q-acoustics-3010i,3010i,Q Acoustics,Speakers,Bookshelf,,,,,,q-acoustics-3010i.jpeg
q-acoustics-3020,3020,Q Acoustics,Speakers,Bookshelf,,,,,,q-acoustics-3020.jpeg
q-acoustics-3020i,3020i,Q Acoustics,Speakers,Bookshelf,Best Seller,,,,,q-acoustics-3020i.jpeg
q-acoustics-3030i,3030i,Q Acoustics,Speakers,Bookshelf,,,,,,q-acoustics-3030i.jpeg
taga-harmony-tav-606s,TAV-606S,TAGA Harmony,Speakers,Bookshelf,,,,,,taga-harmony-tav-606s.jpeg
mission-lx-2,lx-2,Mission,Speakers,Bookshelf,,,,,,mission-lx-2.jpeg
taga-harmony-c-100,C-100,TAGA Harmony,Speakers,Center,,,,,,taga-harmony-c-100.jpeg
q-acoustics-3090c,3090C,Q Acoustics,Speakers,Center,,,,,,q-acoustics-3090c.jpeg
q-acoustics-3090ci,3090CI,Q Acoustics,Speakers,Center,,,,,,q-acoustics-3090ci.jpeg
mission-lx-c,LX-C,Mission,Speakers,Center,,,,,,mission-lx-c.jpeg
atom-speakers-q150cw,Q150CW,Atom Speakers,Speakers,Atmos,,,,,,
taga-harmony-tsw-212-se,TSW-212-SE,TAGA Harmony,Subwoofers,,,,,,,taga-harmony-tsw-212-se.png
sunfire-sds-12-12-dual-driver,"12""-Dual-Driver",Sunfire SDS-12,Subwoofers,,,,,,,sunfire-sds-12-12-dual-driver.jpg
earthquake-ff12,FF12,EarthQuake,Subwoofers,,,,,,,earthquake-ff12.jpeg
q-acoustics-qb12,QB12,Q Acoustics,Subwoofers,,,,,,,q-acoustics-qb12.jpeg
mission-ms-450,MS-450,Mission,Subwoofers,,,,,,,mission-ms-450.jpg
denon-avr-x6500h,AVR-X6500H,Denon,AV Receivers,,Hi-End,,,,,
denon-avr-x2400h,AVR-X2400H,Denon,AV Receivers,,,,,,,
denon-avr-x4400h,AVR-X4400H,Denon,AV Receivers,,,,,,,
denon-avr-x4500h,AVR-X4500H,Denon,AV Receivers,,,,,,,
marantz-nr1710,NR1710,Marantz,AV Receivers,,Featured,,,,,
marantz-sr6014,SR6014,Marantz,AV Receivers,,,,,,,
marantz-sr8012,SR8012,Marantz,AV Receivers,,,,,,,
epson-eh-tw9400,EH-TW9400,Epson,Projectors,,Slimline,,,,,
epson-eh-tw5650,EH-TW5650,Epson,Projectors,,,,,,,
epson-eh-tw650,EH-TW650,Epson,Projectors,,Reference,,,,,
epson-eh-tw6700,EH-TW6700,Epson,Projectors,,,,,,,
3v-tek-acoustic-wall-panel,Ekcet Mat BSB,3V TEK,Acoustic,,,,,,,
3v-tek-bass-trap-corner-,Ekcet Mat Duo,3V TEK,Acoustic,,4K HDR,,,,,
3v-tek-quadratic-diffuser,Ekcet Mat Duo Grafix,3V TEK,Acoustic,,Laser|Hi-End,,,,,
3v-tek-soundproof-board,Ekcet Mat Duo Shapes,3V TEK,Acoustic,,,,,,,
3v-tek-fixed-frame-screen-120-,Ekcet Mat Ebony,3V TEK,Acoustic,,,,,,,
3v-tek-motorized-screen-120-,Ekcet Mat Planks,3V TEK,Acoustic,,,,,,,
3v-tek-hdmi-2-1-cable,Bandridge Speaker Cable 100M,Bandridge,Cables,,,,,,,
3v-tek-speaker-cable-per-metre-,High Speed HDMI Cable,Bandridge,Cables,,,,,,,
3v-tek-audio-interconnect-rca-,High Speed HDMI Cable with Ethernet,Bandridge,Cables,,,,,,,
QED Speaker Cable 100M,QED Speaker Cable 100M,Bandridge,Cables,,,,,,,
Profigold Speaker Cable,Profigold Speaker Cable,Bandridge,Cables,,,,,,,
Subwoofer Audio Cable,Subwoofer Audio Cable,Bandridge,Cables,,,,,,,
